metric_id,metric_label,metric_family,agg_kind,units,baseline_rule_changed,before_D_mean,after_D_mean,before_D_n_terms,after_D_n_terms,before_R_mean,after_R_mean,before_R_n_terms,after_R_n_terms,before_observed_diff_d_minus_r,after_observed_diff_d_minus_r,before_p_two_sided,after_p_two_sided,before_q_bh_fdr,after_q_bh_fdr,before_evidence_tier,after_evidence_tier
core_cpi_inflation_mom_ann_logdiff_mean,"Core CPI inflation (MoM annualized, log diff, mean during term; CPILFESL)",inflation,mean,percent,False,3.180142,3.180142,9,9,3.944487,3.944487,11,11,-0.764345,-0.764345,0.464854,0.464854,0.646753,0.666059,exploratory,exploratory
core_cpi_inflation_yoy_mean,"Core CPI inflation (YoY, mean during term; CPILFESL)",inflation,mean,percent,False,3.127411,3.127411,9,9,4.022700,4.022700,11,11,-0.895289,-0.895289,0.384862,0.384862,0.586456,0.595915,exploratory,exploratory
core_cpi_price_level_term_cagr_pct,Core CPI price level CAGR (term annualized from start/end; CPILFESL),inflation,cagr_from_levels,percent,True,3.259634,3.258942,9,9,3.977369,4.027533,11,11,-0.717736,-0.768592,0.511649,0.484452,0.701690,0.683932,exploratory,exploratory
core_cpi_price_level_term_pct_change,"Core CPI price level percent change (term total, end vs start; CPILFESL)",inflation,pct_change_from_levels,percent,True,13.105379,13.372659,9,9,11.937081,13.591706,12,11,1.168299,-0.219047,0.815818,0.966703,0.895841,0.976879,exploratory,exploratory
core_pce_inflation_mom_ann_logdiff_mean,"Core PCE inflation (MoM annualized, log diff, mean during term; PCEPILFE)",inflation,mean,percent,False,2.672808,2.672808,9,9,3.659129,3.659129,11,11,-0.986320,-0.986320,0.277472,0.277472,0.459264,0.502626,exploratory,exploratory
core_pce_inflation_yoy_mean,"Core PCE inflation (YoY, mean during term; PCEPILFE)",inflation,mean,percent,False,2.641840,2.641840,9,9,3.691625,3.691625,11,11,-1.049785,-1.049785,0.256274,0.256274,0.457723,0.502626,exploratory,exploratory
core_pce_price_level_term_cagr_pct,Core PCE price level CAGR (term annualized from start/end; PCEPILFE),inflation,cagr_from_levels,percent,True,2.733375,2.727700,9,9,3.724860,3.746430,11,11,-0.991485,-1.018730,0.304670,0.290671,0.487472,0.502626,exploratory,exploratory
core_pce_price_level_term_pct_change,"Core PCE price level percent change (term total, end vs start; PCEPILFE)",inflation,pct_change_from_levels,percent,True,10.774960,11.005498,9,9,11.470633,11.896715,11,11,-0.695673,-0.891217,0.858514,0.825817,0.895841,0.928986,exploratory,exploratory
cpi_inflation_mom_ann_logdiff_mean,"CPI inflation (MoM annualized, log diff, mean during term)",inflation,mean,percent,False,3.395023,3.395023,11,11,3.827623,3.827623,12,12,-0.432600,-0.432600,0.690331,0.690331,0.819829,0.832477,exploratory,exploratory
cpi_inflation_yoy_mean,"CPI inflation (YoY, mean during term; based on SA CPI index)",inflation,mean,percent,False,3.462571,3.462571,11,11,3.952909,3.952909,12,12,-0.490338,-0.490338,0.653535,0.653535,0.804351,0.832477,exploratory,exploratory
cpi_inflation_yoy_mean_nsa,"CPI inflation (YoY, mean during term; based on unadjusted CPI index)",inflation,mean,percent,False,4.030762,4.030762,17,17,2.259804,2.259804,16,16,1.770958,1.770958,0.221378,0.221378,0.425046,0.483007,exploratory,exploratory
cpi_price_level_term_cagr_pct_nsa,CPI price level CAGR (term annualized from start/end; CPIAUCNS),inflation,cagr_from_levels,percent,True,3.902336,3.861809,17,17,2.193910,2.212033,17,17,1.708426,1.649775,0.178382,0.194281,0.398248,0.454902,exploratory,exploratory
cpi_price_level_term_cagr_pct_sa,CPI price level CAGR (term annualized from start/end; CPIAUCSL),inflation,cagr_from_levels,percent,True,3.475406,3.484390,11,11,3.881858,3.916378,12,12,-0.406452,-0.431988,0.709029,0.693731,0.830083,0.832477,exploratory,exploratory
cpi_price_level_term_pct_change_nsa,"CPI price level percent change (term total, end vs start; CPIAUCNS)",inflation,pct_change_from_levels,percent,True,16.526848,16.692572,17,17,6.655339,7.012958,17,17,9.871509,9.679614,0.046695,0.056694,0.224136,0.267028,exploratory,exploratory
cpi_price_level_term_pct_change_sa,"CPI price level percent change (term total, end vs start; CPIAUCSL)",inflation,pct_change_from_levels,percent,True,13.153188,13.442699,11,11,12.102375,12.613255,12,12,1.050812,0.829444,0.841616,0.878612,0.895841,0.937186,exploratory,exploratory
federal_debt_pct_gdp_change_pp,"Federal debt (%GDP, change in percentage points, end minus start; GFDEGDQ188S)",fiscal,end_minus_start,percentage points,True,1.417536,1.851656,7,7,7.201997,6.929229,10,10,-5.784461,-5.077573,0.209479,0.301170,0.413151,0.502626,exploratory,exploratory
federal_debt_pct_gdp_change_pp_per_year,"Federal debt (%GDP, change in percentage points per year; GFDEGDQ188S)",fiscal,end_minus_start_per_year,percentage points per year,True,0.331716,0.408379,7,7,2.000446,1.722670,10,10,-1.668730,-1.314291,0.191081,0.303670,0.407639,0.502626,exploratory,exploratory
federal_debt_pct_gdp_end,"Federal debt (%GDP, end-of-term value; GFDEGDQ188S)",fiscal,last,percent of GDP,False,73.286771,73.286771,7,7,63.295803,63.295803,10,10,9.990968,9.990968,0.569243,0.569243,0.738477,0.748594,exploratory,exploratory
federal_debt_pct_gdp_mean,"Federal debt (%GDP, mean; GFDEGDQ188S)",fiscal,mean,percent of GDP,False,72.277733,72.277733,7,7,58.642382,58.642382,10,10,13.635351,13.635351,0.401760,0.401760,0.597061,0.612206,exploratory,exploratory
federal_surplus_deficit_pct_gdp_change_pp,"Federal surplus/deficit (%GDP, change in percentage points, end minus start; FYFSGDA188S)",fiscal,end_minus_start,percentage points,True,1.286334,1.274414,14,14,-1.844311,-1.870221,13,13,3.130645,3.144634,0.267473,0.293071,0.457723,0.502626,exploratory,exploratory
federal_surplus_deficit_pct_gdp_change_pp_per_year,"Federal surplus/deficit (%GDP, change in percentage points per year; FYFSGDA188S)",fiscal,end_minus_start_per_year,percentage points per year,True,0.460116,0.307505,13,14,-0.673512,-0.517702,12,13,1.133627,0.825207,0.260074,0.274473,0.457723,0.502626,exploratory,exploratory
federal_surplus_deficit_pct_gdp_end,"Federal surplus/deficit (%GDP, end-of-term value; FYFSGDA188S)",fiscal,last,percent of GDP,False,-3.359969,-3.359969,14,14,-3.735572,-3.735572,13,13,0.375602,0.375602,0.856414,0.856414,0.895841,0.933695,exploratory,exploratory
federal_surplus_deficit_pct_gdp_mean,"Federal surplus/deficit (%GDP, mean; FYFSGDA188S)",fiscal,mean,percent of GDP,False,-3.818926,-3.818926,14,14,-2.708154,-2.708154,13,13,-1.110772,-1.110772,0.458854,0.458854,0.646753,0.666059,exploratory,exploratory
fedfunds_policy_rate_change_pp,"Effective federal funds rate change (percentage points, end minus start; FEDFUNDS)",interest_rates,end_minus_start,percentage points,True,2.873333,3.002222,9,9,-1.780833,-2.015833,12,12,4.654167,5.018056,0.018598,0.020998,0.162310,0.148786,exploratory,exploratory
fedfunds_policy_rate_change_pp_per_year,"Effective federal funds rate change (percentage points per year, end minus start divided by term years; FEDFUNDS)",interest_rates,end_minus_start_per_year,percentage points per year,True,0.783662,0.802093,9,9,-0.316976,-0.364920,12,12,1.100638,1.167013,0.138286,0.132687,0.340396,0.344269,exploratory,exploratory
fedfunds_policy_rate_end,Effective federal funds rate (end-of-term value; FEDFUNDS),interest_rates,last,percent,False,5.456667,5.456667,9,9,4.533333,4.533333,12,12,0.923333,0.923333,0.680032,0.680032,0.819829,0.832477,exploratory,exploratory
fedfunds_policy_rate_mean,Effective federal funds rate (mean during term; FEDFUNDS),interest_rates,mean,percent,False,3.814239,3.814239,9,9,5.277824,5.277824,12,12,-1.463586,-1.463586,0.301970,0.301970,0.487472,0.502626,exploratory,exploratory
ff_mkt_excess_return_ann_arith,"Stock market excess return (annualized, arithmetic; Ken French Mkt-RF)",stock_returns,mean_times_periods_per_year,percent,False,12.598589,12.598589,15,15,3.562012,3.562012,14,14,9.036577,9.036577,0.077592,0.077592,0.235176,0.277001,exploratory,exploratory
ff_mkt_excess_return_ann_compound,"Stock market excess return (annualized, compounded; Ken French Mkt-RF)",stock_returns,compound_annualized,percent,False,12.192682,12.192682,15,15,3.142854,3.142854,14,14,9.049829,9.049829,0.087391,0.087391,0.246751,0.289294,exploratory,exploratory
ff_mkt_excess_return_sharpe_ann,Stock market Sharpe ratio (annualized; Ken French Mkt-RF),stock_returns,sharpe_ratio_annualized,ratio,False,0.978821,0.978821,15,15,0.338004,0.338004,14,14,0.640818,0.640818,0.072093,0.072093,0.235176,0.276837,exploratory,exploratory
ff_mkt_excess_return_term_total,"Stock market excess return (term total, compounded; Ken French Mkt-RF)",stock_returns,compound_total,percent,False,56.676322,56.676322,15,15,19.969402,19.969402,14,14,36.706920,36.706920,0.111589,0.111589,0.289528,0.314301,exploratory,exploratory
ff_mkt_excess_return_volatility_ann,Stock market excess return volatility (annualized std dev; Ken French Mkt-RF),stock_returns,annualized_std,percent,False,16.061214,16.061214,15,15,17.225927,17.225927,14,14,-1.164713,-1.164713,0.691731,0.691731,0.819829,0.832477,exploratory,exploratory
ff_mkt_total_return_ann_compound,"Stock market total return (annualized, compounded; Ken French Mkt-RF + RF)",stock_returns,compound_annualized,percent,False,14.713062,14.713062,15,15,7.681142,7.681142,14,14,7.031920,7.031920,0.189481,0.189481,0.407639,0.454754,exploratory,exploratory
ff_mkt_total_return_term_total,"Stock market total return (term total, compounded; Ken French Mkt-RF + RF)",stock_returns,compound_total,percent,False,69.114558,69.114558,15,15,38.750885,38.750885,14,14,30.363673,30.363673,0.210879,0.210879,0.413151,0.470800,exploratory,exploratory
gdp_growth_real_percap_qoq_ann_logdiff,"Real GDP per capita growth (QoQ annualized, log diff)",gdp_growth,mean,percent,False,2.548447,2.548447,11,11,1.405539,1.405539,12,12,1.142908,1.142908,0.007899,0.007899,0.094788,0.094788,supportive,supportive
gdp_growth_real_percap_term_cagr,Real GDP per capita growth (term CAGR from start/end),gdp_growth,cagr_from_levels,percent,True,2.564988,2.586770,11,11,1.307745,1.418355,12,12,1.257243,1.168415,0.009099,0.010099,0.097056,0.107723,supportive,exploratory
gdp_growth_real_percap_term_pct_change,Real GDP per capita growth (term total percent change from start/end),gdp_growth,pct_change_from_levels,percent,True,8.691611,9.133427,11,11,4.370776,5.049283,12,12,4.320834,4.084145,0.025697,0.035296,0.176208,0.225894,exploratory,exploratory
gdp_growth_real_qoq_ann_logdiff,"Real GDP growth (QoQ annualized, log diff)",gdp_growth,mean,percent,False,3.734147,3.734147,11,11,2.430221,2.430221,12,12,1.303926,1.303926,0.005899,0.005899,0.080901,0.094384,supportive,supportive
gdp_growth_real_term_cagr,Real GDP growth (term CAGR from start/end),gdp_growth,cagr_from_levels,percent,True,3.802102,3.812040,11,11,2.356494,2.462711,12,12,1.445608,1.349329,0.004600,0.007299,0.073600,0.094788,supportive,supportive
gdp_growth_real_term_pct_change,Real GDP growth (term total percent change from start/end),gdp_growth,pct_change_from_levels,percent,True,12.801672,13.511495,11,11,8.090414,9.050945,12,12,4.711257,4.460550,0.045195,0.061194,0.224136,0.267028,exploratory,exploratory
historical_supplemental_poverty_rate_change,Historical supplemental poverty rate after taxes and transfers change (preceding year to last attributed year),poverty,end_minus_start,percentage points,True,-0.037718,-0.197526,7,7,-0.177980,-0.465008,9,9,0.140262,0.267482,0.906609,0.797420,0.925899,0.911337,exploratory,exploratory
historical_supplemental_poverty_rate_change_per_year,Historical supplemental poverty rate after taxes and transfers change per year (preceding year to last attributed year),poverty,end_minus_start_per_year,percentage points per year,True,-0.136134,-0.188410,7,7,-0.045826,-0.178869,9,9,-0.090308,-0.009541,0.830217,0.978002,0.895841,0.978002,exploratory,exploratory
household_employment_change_per_year,"Household employment change (CPS, per year, end minus start divided by term years)",jobs,end_minus_start_per_year,thousands of persons per year,True,1693.104794,1656.068668,11,11,849.337221,882.639142,12,12,843.767573,773.429526,0.062294,0.103890,0.230009,0.307168,exploratory,exploratory
household_employment_change_total,"Household employment change (CPS, total, end minus start)",jobs,end_minus_start,thousands of persons,True,6072.909091,6118.909091,11,11,2871.583333,3074.583333,12,12,3201.325758,3044.325758,0.058894,0.080792,0.226153,0.277001,exploratory,exploratory
household_employment_term_cagr_pct,"Household employment CAGR (CPS, term annualized from start/end)",jobs,cagr_from_levels,percent,True,1.661426,1.618111,11,11,0.958664,1.019524,12,12,0.702761,0.598587,0.083092,0.161684,0.241722,0.397991,exploratory,exploratory
household_employment_term_pct_change,"Household employment percent change (CPS, term total, end vs start)",jobs,pct_change_from_levels,percent,True,5.835380,5.886551,11,11,3.189959,3.479734,12,12,2.645421,2.406817,0.076592,0.120688,0.235176,0.321835,exploratory,exploratory
household_income_90_10_ratio_change,Household income inequality 90/10 ratio change (preceding year to last attributed year),inequality,end_minus_start,ratio points,True,-0.137143,0.154286,7,7,0.199000,0.275000,10,10,-0.336143,-0.120714,0.078392,0.501250,0.235176,0.687429,exploratory,exploratory
household_income_90_10_ratio_change_per_year,Household income inequality 90/10 ratio change per year (preceding year to last attributed year),inequality,end_minus_start_per_year,ratio points per year,True,-0.098162,-0.020411,7,7,0.065600,0.085453,9,10,-0.163763,-0.105863,0.114889,0.286471,0.290246,0.502626,exploratory,exploratory
labor_force_participation_rate_change_pp,"Labor force participation rate change (percentage points, end minus start)",labor_force_participation,end_minus_start,percentage points,True,0.218182,0.227273,11,11,-0.041667,0.033333,12,12,0.259848,0.193939,0.564044,0.679232,0.738477,0.832477,exploratory,exploratory
labor_force_participation_rate_change_pp_per_year,"Labor force participation rate change (percentage points per year, end minus start divided by term years)",labor_force_participation,end_minus_start_per_year,percentage points per year,True,0.060612,0.045102,11,11,-0.012821,0.017728,12,12,0.073433,0.027374,0.604440,0.865613,0.763503,0.933695,exploratory,exploratory
labor_force_participation_rate_end,Labor force participation rate (end-of-term value),labor_force_participation,last,percent,False,62.036364,62.036364,11,11,62.825000,62.825000,12,12,-0.788636,-0.788636,0.537746,0.537746,0.716995,0.716995,exploratory,exploratory
labor_force_participation_rate_mean,Labor force participation rate (mean during term),labor_force_participation,mean,percent,False,61.949351,61.949351,11,11,62.873634,62.873634,12,12,-0.924283,-0.924283,0.450855,0.450855,0.646001,0.665878,exploratory,exploratory
manufacturing_jobs_change_per_year,"Manufacturing employment change (per year, end minus start divided by term years)",jobs,end_minus_start_per_year,thousands of persons per year,True,188.466684,195.123332,14,14,-187.326943,-177.323849,12,12,375.793627,372.447181,0.055494,0.047895,0.226153,0.267028,exploratory,exploratory
manufacturing_jobs_change_total,"Manufacturing employment change (total, end minus start)",jobs,end_minus_start,thousands of persons,True,872.142857,858.785714,14,14,-718.500000,-708.500000,12,12,1590.642857,1567.285714,0.002000,0.003600,0.062400,0.088800,supportive,supportive
manufacturing_jobs_term_cagr_pct,Manufacturing employment CAGR (term annualized from start/end),jobs,cagr_from_levels,percent,True,1.618736,1.658753,14,14,-1.194663,-1.132961,12,12,2.813400,2.791714,0.053895,0.050695,0.226153,0.267028,exploratory,exploratory
manufacturing_jobs_term_pct_change,"Manufacturing employment percent change (term total, end vs start)",jobs,pct_change_from_levels,percent,True,7.145136,7.130681,14,14,-4.384463,-4.313551,12,12,11.529599,11.444232,0.002600,0.003700,0.062400,0.088800,supportive,supportive
official_poverty_rate_change,Official poverty rate change (preceding year to last attributed year),poverty,end_minus_start,percentage points,True,-1.211111,-1.444444,9,9,0.127273,0.072727,11,11,-1.338384,-1.517172,0.040996,0.070093,0.224136,0.276837,exploratory,exploratory
official_poverty_rate_change_per_year,Official poverty rate change per year (preceding year to last attributed year),poverty,end_minus_start_per_year,percentage points per year,True,-0.504512,-0.427793,8,9,0.006671,-0.031697,10,11,-0.511183,-0.396096,0.046695,0.080592,0.224136,0.277001,exploratory,exploratory
payroll_jobs_change_per_year,"Payroll employment change (per year, end minus start divided by term years)",jobs,end_minus_start_per_year,thousands of persons per year,True,1863.184660,1886.867621,14,14,809.103453,843.130371,12,12,1054.081208,1043.737250,0.024498,0.021698,0.176208,0.148786,exploratory,exploratory
payroll_jobs_change_total,"Payroll employment change (total, end minus start)",jobs,end_minus_start,thousands of persons,True,6802.214286,6870.500000,14,14,2563.500000,2739.500000,12,12,4238.714286,4131.000000,0.013299,0.018698,0.127670,0.148786,exploratory,exploratory
payroll_jobs_term_cagr_pct,Payroll employment CAGR (term annualized from start/end),jobs,cagr_from_levels,percent,True,2.622981,2.699038,14,14,0.989619,1.032302,12,12,1.633363,1.666736,0.030497,0.015198,0.195181,0.145901,exploratory,exploratory
payroll_jobs_term_pct_change,"Payroll employment percent change (term total, end vs start)",jobs,pct_change_from_levels,percent,True,9.544046,9.637309,14,14,3.243790,3.465027,12,12,6.300257,6.172282,0.003600,0.005099,0.069120,0.094384,supportive,supportive
pce_inflation_mom_ann_logdiff_mean,"PCE inflation (MoM annualized, log diff, mean during term)",inflation,mean,percent,False,2.763511,2.763511,9,9,3.770333,3.770333,11,11,-1.006823,-1.006823,0.344766,0.344766,0.542583,0.554384,exploratory,exploratory
pce_inflation_yoy_mean,"PCE inflation (YoY, mean during term)",inflation,mean,percent,False,2.691103,2.691103,9,9,3.835866,3.835866,11,11,-1.144763,-1.144763,0.271773,0.271773,0.457723,0.502626,exploratory,exploratory
pce_price_level_term_cagr_pct,PCE price level CAGR (term annualized from start/end; PCEPI),inflation,cagr_from_levels,percent,True,2.819524,2.827266,9,9,3.839183,3.870001,11,11,-1.019659,-1.042735,0.367163,0.349665,0.568510,0.554384,exploratory,exploratory
pce_price_level_term_pct_change,"PCE price level percent change (term total, end vs start; PCEPI)",inflation,pct_change_from_levels,percent,True,11.248828,11.551137,9,9,11.347123,11.825148,11,11,-0.098295,-0.274011,0.984302,0.956504,0.984302,0.976855,exploratory,exploratory
real_median_household_income_term_cagr_pct,Real median household income annualized growth (preceding year to last attributed year),income,cagr_from_levels,percent,True,1.473461,1.427420,7,7,0.209032,0.589524,9,10,1.264429,0.837897,0.173483,0.278472,0.396533,0.502626,exploratory,exploratory
real_median_household_income_term_pct_change,Real median household income percent change (preceding year to last attributed year),income,pct_change_from_levels,percent,True,3.267235,4.011004,7,7,0.863029,1.834765,10,10,2.404206,2.176239,0.210879,0.352265,0.413151,0.554384,exploratory,exploratory
real_median_weekly_earnings_end,Real median weekly earnings (end-of-term value; LES1252881600Q),wages,last,1982-84 dollars per week,False,336.333333,336.333333,6,6,340.428571,340.428571,7,7,-4.095238,-4.095238,0.781822,0.781822,0.893511,0.904276,exploratory,exploratory
real_median_weekly_earnings_mean,Real median weekly earnings (mean during term; LES1252881600Q),wages,mean,1982-84 dollars per week,False,334.812500,334.812500,6,6,337.417857,337.417857,7,7,-2.605357,-2.605357,0.849115,0.849115,0.895841,0.933695,exploratory,exploratory
real_median_weekly_earnings_term_cagr_pct,Real median weekly earnings CAGR (term annualized from start/end; LES1252881600Q),wages,cagr_from_levels,percent,True,-0.220897,-0.202090,6,6,0.510659,0.400869,7,7,-0.731557,-0.602959,0.404260,0.498350,0.597061,0.687429,exploratory,exploratory
real_median_weekly_earnings_term_pct_change,"Real median weekly earnings percent change (term total, end vs start; LES1252881600Q)",wages,pct_change_from_levels,percent,True,0.388683,0.545616,6,6,1.566632,1.391389,7,7,-1.177949,-0.845773,0.613139,0.719328,0.764433,0.852537,exploratory,exploratory
recession_month_share,Recession share of months (USREC mean),recessions,mean,percent of months,False,20.197251,20.197251,22,22,31.702346,31.702346,29,29,-11.505094,-11.505094,0.105589,0.105589,0.281571,0.307168,exploratory,exploratory
recession_start_count,Recession starts (count of 0->1 transitions in USREC),recessions,count_transitions,count,False,0.423077,0.423077,26,26,0.793103,0.793103,29,29,-0.370027,-0.370027,0.037996,0.037996,0.224136,0.227976,exploratory,exploratory
sp500_backfilled_pre1957_term_cagr_pct,S&P historical composite monthly price CAGR (pre-1957),stock_levels_historical,cagr_from_levels,percent,True,3.609725,5.588043,10,10,5.080355,5.198620,16,16,-1.470631,0.389424,0.791221,0.943906,0.893614,0.974355,exploratory,exploratory
sp500_backfilled_pre1957_term_pct_change,S&P historical composite monthly price percent change (pre-1957),stock_levels_historical,pct_change_from_levels,percent,True,23.991152,22.925082,10,10,20.926152,19.977041,16,16,3.065000,2.948040,0.897710,0.904410,0.925899,0.954103,exploratory,exploratory
sp500_term_cagr_pct,S&P 500 monthly price CAGR,stock_levels,cagr_from_levels,percent,True,11.187856,11.267477,9,9,4.830161,4.479247,11,11,6.357695,6.788230,0.144486,0.114589,0.346766,0.314301,exploratory,exploratory
sp500_term_pct_change,S&P 500 monthly price percent change (term total),stock_levels,pct_change_from_levels,percent,True,45.689688,46.605828,9,9,20.733698,22.438217,12,11,24.955990,24.167611,0.067993,0.096290,0.235176,0.305001,exploratory,exploratory
treasury_10y_rate_change_pp,"10-year Treasury yield change (percentage points, end minus start; DGS10)",interest_rates,end_minus_start,percentage points,False,1.181250,1.181250,8,8,-0.887000,-0.887000,10,10,2.068250,2.068250,0.020698,0.020698,0.165584,0.148786,exploratory,exploratory
treasury_10y_rate_change_pp_per_year,"10-year Treasury yield change (percentage points per year, end minus start divided by term years; DGS10)",interest_rates,end_minus_start_per_year,percentage points per year,False,0.301699,0.301699,8,8,-0.171421,-0.171421,10,10,0.473120,0.473120,0.069793,0.069793,0.235176,0.276837,exploratory,exploratory
treasury_10y_rate_end,10-year Treasury yield (end-of-term value; DGS10),interest_rates,last,percent,False,5.287778,5.287778,9,9,6.106000,6.106000,10,10,-0.818222,-0.818222,0.578342,0.578342,0.740278,0.750282,exploratory,exploratory
treasury_10y_rate_mean,10-year Treasury yield (mean during term; DGS10),interest_rates,mean,percent,False,4.761340,4.761340,9,9,6.602932,6.602932,10,10,-1.841591,-1.841591,0.150385,0.150385,0.352121,0.379920,exploratory,exploratory
unemployment_rate_change_pp,"Unemployment rate change (percentage points, end minus start)",unemployment,end_minus_start,percentage points,True,-1.163636,-1.118182,11,11,1.150000,1.091667,12,12,-2.313636,-2.209848,0.000300,0.000700,0.028800,0.067200,confirmatory,supportive
unemployment_rate_change_pp_per_year,"Unemployment rate change (percentage points per year, end minus start divided by term years)",unemployment,end_minus_start_per_year,percentage points per year,True,-0.284576,-0.270824,11,11,0.338934,0.326359,12,12,-0.623511,-0.597183,0.002400,0.002800,0.062400,0.088800,supportive,supportive
unemployment_rate_end,Unemployment rate (end-of-term value),unemployment,last,percent,False,4.990909,4.990909,11,11,6.033333,6.033333,12,12,-1.042424,-1.042424,0.098490,0.098490,0.270144,0.305001,exploratory,exploratory
unemployment_rate_mean,Unemployment rate (mean during term),unemployment,mean,percent,False,5.363033,5.363033,11,11,5.748287,5.748287,12,12,-0.385254,-0.385254,0.528047,0.528047,0.713979,0.713979,exploratory,exploratory
yield_curve_t10y2y_inversion_share,10y-2y inversion share (trading-day share during term; T10Y2Y < 0),interest_rates,mean,percent of trading days,False,21.762871,21.762871,6,6,9.318183,9.318183,8,8,12.444687,12.444687,0.256974,0.256974,0.457723,0.502626,exploratory,exploratory
yield_curve_t10y2y_inversion_share_monthly_avg,10y-2y inversion share (monthly AVG share during term; T10Y2Y < 0),interest_rates,mean,percent of months,False,21.875000,21.875000,6,6,9.375000,9.375000,8,8,12.500000,12.500000,0.264674,0.264674,0.457723,0.502626,exploratory,exploratory
yield_curve_t10y2y_inversion_share_monthly_eop,10y-2y inversion share (monthly EOP share during term; T10Y2Y < 0),interest_rates,mean,percent of months,False,21.527778,21.527778,6,6,8.333333,8.333333,8,8,13.194445,13.194445,0.243476,0.243476,0.457723,0.502626,exploratory,exploratory
yield_curve_t10y2y_inversion_start_count,10y-2y inversion starts (count of 0->1 transitions; T10Y2Y < 0),interest_rates,count_transitions,count,False,0.423077,0.423077,26,26,0.965517,0.965517,29,29,-0.542440,-0.542440,0.414359,0.414359,0.602704,0.621538,exploratory,exploratory
yield_curve_t10y2y_inversion_start_count_monthly_avg,10y-2y inversion starts (count of 0->1 transitions; monthly AVG T10Y2Y < 0),interest_rates,count_transitions,count,False,0.192308,0.192308,26,26,0.241379,0.241379,29,29,-0.049072,-0.049072,0.832217,0.832217,0.895841,0.928986,exploratory,exploratory
yield_curve_t10y2y_inversion_start_count_monthly_eop,10y-2y inversion starts (count of 0->1 transitions; monthly EOP T10Y2Y < 0),interest_rates,count_transitions,count,False,0.192308,0.192308,26,26,0.275862,0.275862,29,29,-0.083554,-0.083554,0.740926,0.740926,0.856975,0.867426,exploratory,exploratory
yield_curve_t10y2y_spread_change_pp,"10y-2y Treasury spread change (percentage points, end minus start; T10Y2Y)",interest_rates,end_minus_start,percentage points,False,-0.838333,-0.838333,6,6,0.605714,0.605714,7,7,-1.444048,-1.444048,0.058694,0.058694,0.226153,0.267028,exploratory,exploratory
yield_curve_t10y2y_spread_change_pp_per_year,"10y-2y Treasury spread change (percentage points per year, end minus start divided by term years; T10Y2Y)",interest_rates,end_minus_start_per_year,percentage points per year,False,-0.209693,-0.209693,6,6,0.159048,0.159048,7,7,-0.368741,-0.368741,0.055994,0.055994,0.226153,0.267028,exploratory,exploratory
yield_curve_t10y2y_spread_end,10y-2y Treasury spread (end-of-term value; T10Y2Y),interest_rates,last,percentage points,False,0.531667,0.531667,6,6,1.106250,1.106250,8,8,-0.574583,-0.574583,0.204980,0.204980,0.413151,0.468526,exploratory,exploratory
yield_curve_t10y2y_spread_mean,10y-2y Treasury spread (mean during term; T10Y2Y),interest_rates,mean,percentage points,False,0.829427,0.829427,6,6,0.870426,0.870426,8,8,-0.040999,-0.040999,0.917308,0.917308,0.926964,0.957191,exploratory,exploratory
